{
	"format_version": "1.8.0",
	"animations": {
		"cooling_left": {
			"animation_length": 1.25,
			"bones": {
				"right_arm": {
					"rotation": {
						"0.0": {
							"vector": [0, 0, 0]
						},
						"0.3333": {
							"vector": [-95.40961, -22.40972, 2.06754],
							"easing": "easeOutSine"
						},
						"0.4167": {
							"vector": [-95.40961, -22.40972, 2.06754]
						},
						"0.5833": {
							"vector": [-65.40961, -22.40972, 2.06754]
						},
						"0.9583": {
							"vector": [-65.40961, -22.40972, 2.06754]
						},
						"1.125": {
							"vector": [-95.40961, -22.40972, 2.06754]
						}
					},
					"position": {
						"0.0": {
							"vector": [0, 0, 0]
						},
						"0.3333": {
							"vector": [0, 0, -2]
						},
						"0.4167": {
							"vector": [0, 0, -2]
						},
						"0.5833": {
							"vector": [0, -1, -2]
						},
						"0.9583": {
							"vector": [0, -1, -2]
						},
						"1.125": {
							"vector": [0, 0, -2]
						}
					}
				},
				"rightItem": {
					"rotation": {
						"vector": [0, 0, 0]
					}
				},
				"left_arm": {
					"rotation": {
						"0.0": {
							"vector": [0, 0, 0]
						},
						"0.3333": {
							"vector": [-95.40961, 22.40972, -2.06754],
							"easing": "easeOutSine"
						},
						"0.4167": {
							"vector": [-95.40961, 22.40972, -2.06754]
						},
						"0.5833": {
							"vector": [-65.40961, 22.40972, -2.06754]
						},
						"0.9583": {
							"vector": [-65.40961, 22.40972, -2.06754]
						},
						"1.125": {
							"vector": [-95.40961, 22.40972, -2.06754]
						}
					},
					"position": {
						"0.0": {
							"vector": [0, 0, 0]
						},
						"0.3333": {
							"vector": [0, 0, -2]
						},
						"0.4167": {
							"vector": [0, 0, -2]
						},
						"0.5833": {
							"vector": [0, -1, -2]
						},
						"0.9583": {
							"vector": [0, -1, -2]
						},
						"1.125": {
							"vector": [0, 0, -2]
						}
					}
				},
				"leftItem": {
					"rotation": {
						"0.0": {
							"vector": [0, 0, 0]
						},
						"0.3333": {
							"vector": [180, 0, 65],
							"easing": "easeInSine"
						},
						"0.4167": {
							"vector": [180, 0, 65]
						},
						"0.5833": {
							"vector": [169.54893, 22.38126, 63.59542]
						},
						"0.9583": {
							"vector": [169.54893, 22.38126, 63.59542]
						},
						"1.125": {
							"vector": [180, 0, 65]
						}
					},
					"position": {
						"0.0": {
							"vector": [0, 0, 0]
						},
						"0.3333": {
							"vector": [-2, -3, 2]
						},
						"0.4167": {
							"vector": [-2, -3, 2]
						},
						"0.5833": {
							"vector": [-2, -3, 2]
						},
						"0.9583": {
							"vector": [-2, -3, 2]
						},
						"1.125": {
							"vector": [-2, -3, 2]
						}
					}
				}
			}
		}
	},
	"geckolib_format_version": 2
}