{
	"format_version": "1.8.0",
	"animations": {
		"forging_ore_left": {
			"animation_length": 2.5157,
			"bones": {
				"torso": {
					"rotation": {
						"0.0": {
							"vector": [0, 0, 0]
						},
						"0.0786": {
							"vector": [0, 0, 0]
						},
						"0.3931": {
							"vector": [0, -7.5, 0]
						},
						"0.6289": {
							"vector": [0, 0, 0]
						},
						"0.7075": {
							"vector": [0, 0, 0]
						},
						"0.7862": {
							"vector": [0, 0, 0]
						},
						"1.1006": {
							"vector": [0, -7.5, 0]
						},
						"1.3365": {
							"vector": [0, 0, 0]
						},
						"1.4151": {
							"vector": [0, 0, 0]
						},
						"1.4675": {
							"vector": [0, 0, 0]
						},
						"1.4937": {
							"vector": [0, 0, 0]
						},
						"1.5461": {
							"vector": [0, 0, 0]
						},
						"1.8606": {
							"vector": [0, -7.5, 0]
						},
						"2.0964": {
							"vector": [0, 0, 0]
						},
						"2.1751": {
							"vector": [0, 0, 0]
						},
						"2.2537": {
							"vector": [0, 0, 0]
						}
					}
				},
				"right_arm": {
					"rotation": {
						"0.0": {
							"vector": [-41.89322, -18.37584, -0.85126]
						},
						"0.0786": {
							"vector": [-41.89322, -18.37584, -0.85126]
						},
						"0.3931": {
							"vector": [-41.89322, -18.37584, -0.85126]
						},
						"0.4455": {
							"vector": [-41.89322, -18.37584, -0.85126]
						},
						"0.6289": {
							"vector": [-41.89322, -18.37584, -0.85126]
						},
						"0.6551": {
							"vector": [-36.89322, -18.37584, -0.85126],
							"easing": "step",
							"easingArgs": [2]
						},
						"0.6813": {
							"vector": [-39.39, -18.38, -0.85],
							"easing": "step",
							"easingArgs": [2]
						},
						"0.7075": {
							"vector": [-41.89322, -18.37584, -0.85126]
						},
						"0.7862": {
							"vector": [-41.89322, -18.37584, -0.85126]
						},
						"1.1006": {
							"vector": [-41.89322, -18.37584, -0.85126]
						},
						"1.153": {
							"vector": [-41.89322, -18.37584, -0.85126]
						},
						"1.3365": {
							"vector": [-41.89322, -18.37584, -0.85126]
						},
						"1.3627": {
							"vector": [-36.89322, -18.37584, -0.85126],
							"easing": "step",
							"easingArgs": [2]
						},
						"1.3889": {
							"vector": [-39.39, -18.38, -0.85],
							"easing": "step",
							"easingArgs": [2]
						},
						"1.4151": {
							"vector": [-41.89322, -18.37584, -0.85126]
						},
						"1.4675": {
							"vector": [-41.89322, -18.37584, -0.85126]
						},
						"1.4937": {
							"vector": [-41.89322, -18.37584, -0.85126]
						},
						"1.5461": {
							"vector": [-41.89322, -18.37584, -0.85126]
						},
						"1.8606": {
							"vector": [-41.89322, -18.37584, -0.85126]
						},
						"1.913": {
							"vector": [-41.89322, -18.37584, -0.85126]
						},
						"2.0964": {
							"vector": [-41.89322, -18.37584, -0.85126]
						},
						"2.1226": {
							"vector": [-36.89322, -18.37584, -0.85126],
							"easing": "step",
							"easingArgs": [2]
						},
						"2.1488": {
							"vector": [-39.39, -18.38, -0.85],
							"easing": "step",
							"easingArgs": [2]
						},
						"2.1751": {
							"vector": [-41.89322, -18.37584, -0.85126]
						},
						"2.2537": {
							"vector": [-41.89322, -18.37584, -0.85126]
						}
					},
					"position": {
						"0.0": {
							"vector": [-1, -1, -1]
						},
						"0.0786": {
							"vector": [-1, -1, -1]
						},
						"0.3931": {
							"vector": [0, -1, -2]
						},
						"0.4455": {
							"vector": [0, -1, -1.86]
						},
						"0.6289": {
							"vector": [-1, -1, -1]
						},
						"0.7075": {
							"vector": [-1, -1, -1]
						},
						"0.7862": {
							"vector": [-1, -1, -1]
						},
						"1.1006": {
							"vector": [0, -1, -2]
						},
						"1.153": {
							"vector": [0, -1, -1.86]
						},
						"1.3365": {
							"vector": [-1, -1, -1]
						},
						"1.4151": {
							"vector": [-1, -1, -1]
						},
						"1.4675": {
							"vector": [-1, -1, -1]
						},
						"1.4937": {
							"vector": [-1, -1, -1]
						},
						"1.5461": {
							"vector": [-1, -1, -1]
						},
						"1.8606": {
							"vector": [0, -1, -2]
						},
						"1.913": {
							"vector": [0, -1, -1.86]
						},
						"2.0964": {
							"vector": [-1, -1, -1]
						},
						"2.1751": {
							"vector": [-1, -1, -1]
						},
						"2.2537": {
							"vector": [-1, -1, -1]
						}
					}
				},
				"rightItem": {
					"rotation": {
						"0.0": {
							"vector": [45, -12, -4]
						},
						"0.3931": {
							"vector": [45, -12, -4]
						},
						"0.4455": {
							"vector": [45, -12, -4]
						},
						"0.6289": {
							"vector": [45, -12, -4]
						},
						"0.7075": {
							"vector": [45, -12, -4]
						},
						"1.1006": {
							"vector": [45, -12, -4]
						},
						"1.153": {
							"vector": [45, -12, -4]
						},
						"1.3365": {
							"vector": [45, -12, -4]
						},
						"1.4151": {
							"vector": [45, -12, -4]
						},
						"1.4675": {
							"vector": [45, -12, -4]
						},
						"1.8606": {
							"vector": [45, -12, -4]
						},
						"1.913": {
							"vector": [45, -12, -4]
						},
						"2.0964": {
							"vector": [45, -12, -4]
						},
						"2.1751": {
							"vector": [45, -12, -4]
						}
					},
					"position": {
						"0.0": {
							"vector": [0, -2, 0]
						},
						"0.3931": {
							"vector": [0, -2, 0]
						},
						"0.4455": {
							"vector": [0, -2, 0]
						},
						"0.6289": {
							"vector": [0, -2, 0]
						},
						"0.7075": {
							"vector": [0, -2, 0]
						},
						"1.1006": {
							"vector": [0, -2, 0]
						},
						"1.153": {
							"vector": [0, -2, 0]
						},
						"1.3365": {
							"vector": [0, -2, 0]
						},
						"1.4151": {
							"vector": [0, -2, 0]
						},
						"1.4675": {
							"vector": [0, -2, 0]
						},
						"1.8606": {
							"vector": [0, -2, 0]
						},
						"1.913": {
							"vector": [0, -2, 0]
						},
						"2.0964": {
							"vector": [0, -2, 0]
						},
						"2.1751": {
							"vector": [0, -2, 0]
						}
					}
				},
				"left_arm": {
					"rotation": {
						"0.0": {
							"vector": [-42.00962, 15.68123, 6.9142],
							"easing": "linear"
						},
						"0.0524": {
							"vector": [-39.50962, 15.68123, 6.9142],
							"easing": "linear"
						},
						"0.0786": {
							"vector": [-39.50962, 15.68123, 6.9142],
							"easing": "linear"
						},
						"0.131": {
							"vector": [-54.95851, -7.8011, 15.78582],
							"easing": "easeInOutQuad"
						},
						"0.2358": {
							"vector": [-125.98513, -17.14029, 11.8506]
						},
						"0.3931": {
							"vector": [-175, 0, 13],
							"easing": "easeOutSine"
						},
						"0.4455": {
							"vector": [-180, 0, 13],
							"easing": "easeInQuart"
						},
						"0.4979": {
							"vector": [-175, 0, 13],
							"easing": "easeOutSine"
						},
						"0.6289": {
							"vector": [-42.00962, 15.68123, 6.9142],
							"easing": "easeInQuad"
						},
						"0.6551": {
							"vector": [-37.00962, 15.68123, 6.9142],
							"easing": "step",
							"easingArgs": [2]
						},
						"0.6813": {
							"vector": [-39.51, 15.68, 6.91],
							"easing": "step",
							"easingArgs": [2]
						},
						"0.7075": {
							"vector": [-42.00962, 15.68123, 6.9142],
							"easing": "linear"
						},
						"0.76": {
							"vector": [-39.50962, 15.68123, 6.9142],
							"easing": "linear"
						},
						"0.7862": {
							"vector": [-39.50962, 15.68123, 6.9142],
							"easing": "linear"
						},
						"0.8386": {
							"vector": [-54.95851, -7.8011, 15.78582],
							"easing": "easeInOutQuad"
						},
						"0.9434": {
							"vector": [-125.98513, -17.14029, 11.8506]
						},
						"1.1006": {
							"vector": [-175, 0, 13],
							"easing": "easeOutSine"
						},
						"1.153": {
							"vector": [-180, 0, 13],
							"easing": "easeInQuart"
						},
						"1.2055": {
							"vector": [-175, 0, 13],
							"easing": "easeOutSine"
						},
						"1.3365": {
							"vector": [-42.00962, 15.68123, 6.9142],