{
	"format_version": "1.8.0",
	"animations": {
		"ore_hit_right": {
			"animation_length": 0.75,
			"bones": {
				"torso": {
					"rotation": {
						"0.0": {
							"vector": [0, 0, 0]
						},
						"0.2083": {
							"vector": [0, 7.5, 0],
							"easing": "easeInOutSine"
						},
						"0.5": {
							"vector": [0, -7.5, 0]
						}
					},
					"position": {
						"0.0": {
							"vector": [0, 0, 0]
						},
						"0.2083": {
							"vector": [0, 0, 0]
						},
						"0.5": {
							"vector": [0, 0, 0]
						}
					},
					"scale": {
						"0.0": {
							"vector": [1, 1, 1]
						},
						"0.2083": {
							"vector": [1, 1, 1]
						},
						"0.5": {
							"vector": [1, 1, 1]
						}
					}
				},
				"right_arm": {
					"rotation": {
						"0.0": {
							"vector": [-28.66681, -13.58709, -3.82715]
						},
						"0.2083": {
							"vector": [-158.60616, 11.70705, -7.67569],
							"easing": "easeOutSine"
						},
						"0.25": {
							"vector": [-163.60616, 11.70705, -7.67569],
							"easing": "easeOutSine"
						},
						"0.375": {
							"vector": [-163.60616, 11.70705, -7.67569],
							"easing": "easeOutSine"
						},
						"0.5": {
							"vector": [-28.66681, -13.58709, -3.82715]
						},
						"0.5417": {
							"vector": [-31.16681, -13.58709, -3.82715]
						},
						"0.5833": {
							"vector": [-28.66681, -13.58709, -3.82715]
						}
					},
					"position": {
						"0.0": {
							"vector": [-1, 0, 0]
						},
						"0.2083": {
							"vector": [-1, 0.25, 0.5]
						},
						"0.25": {
							"vector": [-1, 0.25, 0.5]
						},
						"0.375": {
							"vector": [-1, 0.25, 0]
						},
						"0.5": {
							"vector": [-1, 0, -1.25]
						},
						"0.5417": {
							"vector": [-1, 0, -1.25]
						},
						"0.5833": {
							"vector": [-1, 0, -1.25]
						}
					},
					"scale": {
						"0.0": {
							"vector": [1, 1, 1]
						},
						"0.2083": {
							"vector": [1, 1, 1]
						},
						"0.25": {
							"vector": [1, 1, 1]
						},
						"0.375": {
							"vector": [1, 1, 1]
						},
						"0.5": {
							"vector": [1, 1, 1]
						},
						"0.5417": {
							"vector": [1, 1, 1]
						},
						"0.5833": {
							"vector": [1, 1, 1]
						}
					}
				},
				"rightItem": {
					"rotation": {
						"0.0": {
							"vector": [20, 0, 5]
						},
						"0.2083": {
							"vector": [-12.5701, 1.70818, 0.30014],
							"easing": "easeInBack"
						},
						"0.375": {
							"vector": [-12.5701, 1.70818, 0.30014],
							"easing": "easeInSine"
						},
						"0.5": {
							"vector": [20, 0, 5]
						},
						"0.5417": {
							"vector": [15, 0, 5]
						}
					},
					"position": {
						"0.0": {
							"vector": [0, 0, 0]
						},
						"0.2083": {
							"vector": [0, 0, 0]
						},
						"0.375": {
							"vector": [0, 0, 0]
						},
						"0.5": {
							"vector": [0, 0, 0]
						}
					},
					"scale": {
						"0.0": {
							"vector": [1, 1, 1]
						},
						"0.2083": {
							"vector": [1, 1, 1]
						},
						"0.375": {
							"vector": [1, 1, 1]
						},
						"0.5": {
							"vector": [1, 1, 1]
						}
					}
				},
				"left_arm": {
					"rotation": {
						"0.0": {
							"vector": [-39.75778, 4.81281, 5.7589]
						},
						"0.2083": {
							"vector": [-39.76, 4.81, 5.76],
							"easing": "easeInOutSine"
						},
						"0.5": {
							"vector": [-39.75778, 4.81281, 5.7589]
						},
						"0.5417": {
							"vector": [-37.25778, 4.81281, 5.7589]
						},
						"0.5833": {
							"vector": [-39.75778, 4.81281, 5.7589]
						}
					},
					"position": {
						"0.0": {
							"vector": [0.5, 0, -1]
						},
						"0.2083": {
							"vector": [0.5, 0, -1.25]
						},
						"0.5": {
							"vector": [0.5, 0, -0.5]
						},
						"0.5417": {
							"vector": [0.5, 0, -0.5]
						},
						"0.5833": {
							"vector": [0.5, 0, -0.5]
						}
					},
					"scale": {
						"0.0": {
							"vector": [1, 1, 1]
						},
						"0.2083": {
							"vector": [1, 1, 1]
						},
						"0.5": {
							"vector": [1, 1, 1]
						},
						"0.5417": {
							"vector": [1, 1, 1]
						},
						"0.5833": {
							"vector": [1, 1, 1]
						}
					}
				},
				"leftItem": {
					"rotation": {
						"0.0": {
							"vector": [39.71128, 17.67415, 14.15251]
						},
						"0.2083": {
							"vector": [39.71, 17.67, 14.15]
						},
						"0.5": {
							"vector": [39.71128, 17.67415, 14.15251]
						},
						"0.5417": {
							"vector": [44.71128, 17.67415, 14.15251]
						},
						"0.5833": {
							"vector": [39.71128, 17.67415, 14.15251]
						}
					},
					"position": {
						"0.0": {
							"vector": [0, 0, 0]
						},
						"0.2083": {
							"vector": [0, 0, 0]
						},
						"0.5": {
							"vector": [0, 0, 0]
						},
						"0.5417": {
							"vector": [0, 0, 0]
						},
						"0.5833": {
							"vector": [0, 0, 0]
						}
					},
					"scale": {
						"0.0": {
							"vector": [1, 1, 1]
						},
						"0.2083": {
							"vector": [1, 1, 1]
						},
						"0.5": {
							"vector": [1, 1, 1]
						},
						"0.5417": {
							"vector": [1, 1, 1]
						},
						"0.5833": {
							"vector": [1, 1, 1]
						}
					}
				}
			}
		}
	},
	"geckolib_format_version": 2
}