{
	"format_version": "1.8.0",
	"animations": {
		"cleaning_left": {
			"animation_length": 2,
			"bones": {
				"torso": {
					"rotation": {
						"0.0": {
							"vector": [0, 0, 0]
						},
						"0.3333": {
							"vector": [0, -5, 0]
						},
						"0.75": {
							"vector": [0, -5, 0]
						},
						"1.0": {
							"vector": [0, 0, 0]
						},
						"1.125": {
							"vector": [0, 0, 0]
						},
						"1.2083": {
							"vector": [0, -5, 0]
						},
						"1.4583": {
							"vector": [0, 2.5, 0]
						},
						"1.6667": {
							"vector": [0, -5, 0]
						},
						"1.875": {
							"vector": [0, 5, 0]
						}
					}
				},
				"right_arm": {
					"rotation": {
						"0.0": {
							"vector": [-20, 0, 0]
						},
						"0.25": {
							"vector": [-88.80837, -36.68027, 8.80565]
						},
						"0.3333": {
							"vector": [-82.54098, -37.4914, 14.99161]
						},
						"0.4167": {
							"vector": [-61.68332, -8.39, 12.28425]
						},
						"0.5": {
							"vector": [-59.58524, 14.0819, 7.86936]
						},
						"0.5417": {
							"vector": [-62.43514, 20.91593, 5.98273]
						},
						"0.5833": {
							"vector": [-89.77569, -6.28152, 13.82836]
						},
						"0.6667": {
							"vector": [-88.80837, -36.68027, 8.80565]
						},
						"0.75": {
							"vector": [-82.54098, -37.4914, 14.99161]
						},
						"0.8333": {
							"vector": [-61.68332, -8.39, 12.28425]
						},
						"0.9167": {
							"vector": [-59.58524, 14.0819, 7.86936]
						},
						"0.9583": {
							"vector": [-62.43514, 20.91593, 5.98273]
						},
						"1.0": {
							"vector": [-89.77569, -6.28152, 13.82836]
						},
						"1.0833": {
							"vector": [-85.65456, -14.63636, -27.08758]
						},
						"1.2083": {
							"vector": [-60.92096, -36.48442, -31.49401]
						},
						"1.2917": {
							"vector": [-52.88148, -33.93722, -36.76173]
						},
						"1.375": {
							"vector": [-64.72309, -27.94534, -8.89993]
						},
						"1.4583": {
							"vector": [-71.17928, -5.56487, 17.27787]
						},
						"1.5": {
							"vector": [-85.66669, 0.06576, 0.43451]
						},
						"1.5417": {
							"vector": [-96.24612, -20.88747, -3.84407]
						},
						"1.625": {
							"vector": [-60.92096, -36.48442, -31.49401]
						},
						"1.7083": {
							"vector": [-52.88148, -33.93722, -36.76173]
						},
						"1.7917": {
							"vector": [-64.72309, -27.94534, -8.89993]
						},
						"1.875": {
							"vector": [-71.17928, -5.56487, -17.27787]
						}
					},
					"position": {
						"0.0": {
							"vector": [0, 0, 0]
						},
						"0.25": {
							"vector": [1, -1, -1]
						},
						"0.3333": {
							"vector": [1, -1, -2.5]
						},
						"0.4167": {
							"vector": [1, -1, -2]
						},
						"0.5": {
							"vector": [1, -1, -1.25]
						},
						"0.6667": {
							"vector": [1, -1, -1]
						},
						"0.75": {
							"vector": [1, -1, -2.5]
						},
						"0.8333": {
							"vector": [1, -1, -2]
						},
						"0.9167": {
							"vector": [1, -1, -1.25]
						},
						"1.0833": {
							"vector": [1, -0.5, -0.75]
						},
						"1.2083": {
							"vector": [1, -0.5, -1.75]
						},
						"1.2917": {
							"vector": [0.5, -0.5, -2.25]
						},
						"1.375": {
							"vector": [0.5, -0.5, -2]
						},
						"1.4583": {
							"vector": [1, -0.5, -1.5]
						},
						"1.5": {
							"vector": [0.5, -0.5, -1.75]
						},
						"1.5417": {
							"vector": [1, -0.5, -1.5]
						},
						"1.625": {
							"vector": [1, -0.5, -1.75]
						},
						"1.7083": {
							"vector": [0.5, -0.5, -2.25]
						},
						"1.7917": {
							"vector": [0.5, -0.5, -2]
						},
						"1.875": {
							"vector": [1, -0.5, -1.5]
						}
					}
				},
				"left_arm": {
					"rotation": {
						"0.0": {
							"vector": [-20, 0, 0]
						},
						"0.25": {
							"vector": [-55.5618, 29.21204, -5.92123]
						},
						"0.3333": {
							"vector": [-50.5618, 29.21204, -5.92123]
						},
						"0.4583": {
							"vector": [-47.69808, 24.2989, 0.42897]
						},
						"0.6667": {
							"vector": [-55.5618, 29.21204, -5.92123]
						},
						"0.75": {
							"vector": [-50.5618, 29.21204, -5.92123]
						},
						"0.8333": {
							"vector": [-47.69808, 24.2989, 0.42897]
						},
						"0.875": {
							"vector": [-46.17711, 20.88347, 4.38515]
						},
						"1.0": {
							"vector": [-46.17711, 20.88347, 4.38515]
						},
						"1.0833": {
							"vector": [-56.88237, -0.97868, 41.65906]
						},
						"1.2083": {
							"vector": [-70.34965, 0.83165, 25.02465]
						},
						"1.375": {
							"vector": [-67.90267, -1.69037, 32.08866]
						},
						"1.4583": {
							"vector": [-67.85335, -0.74879, 29.7722]
						},
						"1.625": {
							"vector": [-70.34965, -0.83165, 25.02465]
						},
						"1.7917": {
							"vector": [-67.90267, -1.69037, 32.08866]
						},
						"1.875": {
							"vector": [-67.85335, -0.74879, 29.7722]
						}
					},
					"position": {
						"0.0": {
							"vector": [0, 0, 0]
						},
						"0.25": {
							"vector": [1, 0, -1]
						},
						"0.3333": {
							"vector": [1, 0, -0.75]
						},
						"0.4583": {
							"vector": [1, 0, -1]
						},
						"0.6667": {
							"vector": [1, 0, -1]
						},
						"0.75": {
							"vector": [1, 0, -0.75]
						},
						"0.875": {
							"vector": [1, 0, -1]
						},
						"1.0": {
							"vector": [1, 0, -1]
						},
						"1.2083": {
							"vector": [1, 0, -0.25]
						},
						"1.4583": {
							"vector": [1, 0, -1]
						},
						"1.625": {
							"vector": [1, 0, -0.25]
						},
						"1.875": {
							"vector": [1, 0, -1]
						}
					}
				},
				"leftItem": {
					"rotation": {
						"0.0": {
							"vector": [0, 0, 0]
						},
						"0.25": {
							"vector": [-50.90172, 73.17488, -85.24871]
						},
						"0.3333": {
							"vector": [-27.91092, 61.32211, -60.50502]
						},
						"0.4167": {
							"vector": [-53.19295, 71.25199, -79.79457]
						},
						"0.4583": {
							"vector": [-43.16614, 67.90402, -69.10361]
						},
						"0.6667": {
							"vector": [-50.90172, 73.17488, -85.24871]
						},
						"0.75": {
							"vector": [-27.91092, 61.32211, -60.50502]
						},
						"0.8333": {
							"vector": [-53.19295, 71.25199, -79.79457]
						},
						"0.875": {
							"vector": [-43.16614, 67.90402, -69.10361]
						},
						"1.0833": {
							"vector": [79.17284, 26.66202, 61.81532]
						},
						"1.2083": {
							"vector": [130.15956, -11.74619, 31.65494]
						},
						"1.2917": {
							"vector": [128.69907, -16.51408, 37.62719]
						},
						"1.375": {
							"vector": [129.73287, -13.35152, 33.61841]
						},
						"1.4583": {
							"vector": [127.41478, -19.59771, 41.76769]
						},
						"1.625": {
							"vector": [130.15956, -11.74619, 31.65494]
						},
						"1.7083": {
							"vector": [128.69907, -16.51408, 37.62719]
						},
						"1.7917": {
							"vector": [129.73287, -13.35152, 33.61841]
						},
						"1.875": {
							"vector": [127.41478, -19.59771, 41.76769]
						}
					}
				}
			}
		}
	},
	"geckolib_format_version": 2
}