{
	"format_version": "1.8.0",
	"animations": {
		"cooling_right": {
			"animation_length": 1.25,
			"bones": {
				"right_arm": {
					"rotation": {
						"0.0": {
							"vector": [0, 0, 0]
						},
						"0.3333": {
							"vector": [-60.47318, -0.05431, 129.08513],
							"easing": "easeInSine"
						},
						"0.4583": {
							"vector": [-95.76951, 13.85877, 162.01736]
						},
						"1.0": {
							"vector": [-102.55001, 12.98764, 154.35851],
							"easing": "easeOutSine"
						},
						"1.25": {
							"vector": [-60.47318, -0.05431, 129.08513],
							"easing": "linear"
						}
					},
					"position": {
						"0.0": {
							"vector": [0, 0, 0]
						},
						"0.3333": {
							"vector": [-1.75, -1, -0.75]
						},
						"0.4583": {
							"vector": [-2.75, -0.75, -2.5]
						},
						"1.0": {
							"vector": [-2.75, -1.25, -2]
						},
						"1.25": {
							"vector": [-1.75, -1, -0.25]
						}
					}
				},
				"rightItem": {
					"rotation": {
						"0.0": {
							"vector": [0, 0, 0]
						},
						"0.3333": {
							"vector": [0, 0, 0],
							"easing": "linear"
						},
						"0.4583": {
							"vector": [10, 0, 0]
						},
						"1.0": {
							"vector": [12.60443, -7.32123, -1.63219]
						},
						"1.25": {
							"vector": [0, 0, 0],
							"easing": "linear"
						}
					},
					"position": {
						"0.0": {
							"vector": [0, 0, 0]
						},
						"0.3333": {
							"vector": [0, 0, 1]
						},
						"0.4583": {
							"vector": [0, -1, 1]
						},
						"1.25": {
							"vector": [0, 0, 1]
						}
					}
				},
				"left_arm": {
					"rotation": {
						"0.0": {
							"vector": [0, 0, 0]
						},
						"0.3333": {
							"vector": [6.43937, -14.46641, -5.81812]
						},
						"0.4583": {
							"vector": [11.57953, -16.91616, -6.33622]
						},
						"1.25": {
							"vector": [6.43937, -14.46641, -5.81812]
						}
					},
					"position": {
						"0.0": {
							"vector": [0, 0, 0]
						},
						"0.4583": {
							"vector": [0, 0, 0.75]
						},
						"1.0": {
							"vector": [0, 0, 0.25]
						}
					}
				},
				"torso": {
					"rotation": {
						"0.0": {
							"vector": [0, 0, 0]
						},
						"0.3333": {
							"vector": [0, -5, 0]
						},
						"0.4583": {
							"vector": [0, -10, 0]
						},
						"1.0": {
							"vector": [0, -2.5, 0]
						}
					}
				},
				"leftItem": {
					"rotation": {
						"0.0": {
							"vector": [0, 0, 0]
						},
						"0.3333": {
							"vector": [17.5, 0, 0]
						},
						"1.25": {
							"vector": [17.5, 0, 0]
						}
					}
				}
			}
		}
	},
	"geckolib_format_version": 2
}