{
	"format_version": "1.8.0",
	"animations": {
		"grinding_left": {
			"animation_length": 3.2083,
			"bones": {
				"right_arm": {
					"rotation": {
						"0.0": {
							"vector": [0, 0, 0]
						},
						"0.25": {
							"vector": [-87.31336, -9.76061, 0]
						},
						"0.3333": {
							"vector": [-92.31336, -9.76061, 0]
						},
						"0.4167": {
							"vector": [-87.31336, -9.76061, 0]
						},
						"0.625": {
							"vector": [-64.51647, -14.01118, 0]
						},
						"1.4167": {
							"vector": [-57.01647, -14.01118, 0]
						},
						"1.5417": {
							"vector": [-57.01647, -14.01118, 0]
						},
						"1.75": {
							"vector": [-87.31336, -9.76061, 0]
						},
						"1.7917": {
							"vector": [-87.31336, -9.76061, 0]
						},
						"2.125": {
							"vector": [-89.51647, -9.01118, 0]
						},
						"2.9167": {
							"vector": [-76.91471, -11.44679, 0]
						}
					},
					"position": {
						"0.0": {
							"vector": [0, 0, 0]
						},
						"0.25": {
							"vector": [-0.4981, -0.25943, -0.54254]
						},
						"0.4167": {
							"vector": [-0.4981, -0.25943, -0.54254]
						},
						"1.4167": {
							"vector": [-0.5, -0.51, -1.29]
						},
						"1.5417": {
							"vector": [-0.5, -0.51, -1.29]
						},
						"1.75": {
							"vector": [-0.4981, -0.25943, -0.54254]
						},
						"1.7917": {
							"vector": [-0.4981, -0.25943, -0.54254]
						},
						"2.9167": {
							"vector": [-0.5, -0.51, -0.54]
						}
					}
				},
				"rightItem": {
					"rotation": {
						"vector": [0, 0, 0]
					},
					"position": {
						"vector": [0, 0, 0]
					}
				},
				"left_arm": {
					"rotation": {
						"0.0": {
							"vector": [0, 0, 0]
						},
						"0.25": {
							"vector": [-87.39557, 7.32123, 0]
						},
						"0.3333": {
							"vector": [-92.39557, 7.32123, 0]
						},
						"0.4167": {
							"vector": [-87.39557, 7.32123, 0]
						},
						"0.625": {
							"vector": [-72.16706, 9.45113, 0]
						},
						"1.4167": {
							"vector": [-64.66706, 9.45113, 0]
						},
						"1.5417": {
							"vector": [-64.66706, 9.45113, 0]
						},
						"1.75": {
							"vector": [-87.39557, 7.32123, 0]
						},
						"1.7917": {
							"vector": [-87.39557, 7.32123, 0]
						},
						"1.875": {
							"vector": [-87.39557, 7.32123, 0]
						},
						"2.125": {
							"vector": [-59.66706, 9.45113, 0],
							"easing": "linear"
						},
						"2.9167": {
							"vector": [-46.85521, 11.27999, 0]
						}
					},
					"position": {
						"0.0": {
							"vector": [0, 0, 0]
						},
						"0.25": {
							"vector": [0.4981, -0.25943, -0.54254]
						},
						"0.4167": {
							"vector": [0.4981, -0.25943, -0.54254]
						},
						"1.4167": {
							"vector": [0.5, -0.01, -1.04]
						},
						"1.5417": {
							"vector": [0.5, -0.01, -1.04]
						},
						"1.75": {
							"vector": [0.4981, -0.25943, -0.54254]
						},
						"1.7917": {
							"vector": [0.4981, -0.25943, -0.54254]
						},
						"2.125": {
							"vector": [0.5, -0.76, -0.79]
						},
						"2.9167": {
							"vector": [0.5, -0.26, -1.29]
						}
					}
				},
				"leftItem": {
					"rotation": {
						"0.0": {
							"vector": [0, 0, 0]
						},
						"0.25": {
							"vector": [0, 90, 0]
						},
						"0.4167": {
							"vector": [0, 90, 0]
						},
						"0.625": {
							"vector": [15, 110, 0]
						},
						"1.4167": {
							"vector": [12.5, 107.5, 0]
						},
						"1.5417": {
							"vector": [12.5, 107.5, 0]
						},
						"1.75": {
							"vector": [0, 90, 0]
						},
						"1.7917": {
							"vector": [0, 90, 0]
						},
						"2.125": {
							"vector": [0, 65, 0]
						}
					},
					"position": {
						"vector": [0, 0, 0]
					}
				}
			}
		}
	},
	"geckolib_format_version": 2
}